species,Lepidoblepharis_xanthostigma,Gonatodes_albogularis,Thecadactylus_rapicauda,Lepidophyma_flavimaculatum,Scincella_cherriei,Mabuya_unimarginata,Ameiva_festiva,Diploglossus_bilobatus,Iguana_iguana,Corytophanes_cristatus,Basiliscus_vittatus,Basiliscus_plumifrons,Anolis_biporcatus,Anolis_humilis,Anolis_capito,Anolis_carpenteri,Anolis_limifrons,Anolis_lemurinus,Anolis_oxylophus
Lepidoblepharis_xanthostigma,1,0,0,0,0,0,0,0,0,0,0,0,0,0,0,0,0,0,0
Gonatodes_albogularis,0,1,0,0,0,0,0,0,0,0,0,0,0,0,0,0,0,0,0
Thecadactylus_rapicauda,0,0,1,0,0,0,0,0,0,0,0,0,0,0,0,0,0,0,0
Lepidophyma_flavimaculatum,0,0,0,1,0,0,0,0,0,0,0,0,0,0,0,0,0,0,0
Scincella_cherriei,0,0,0,0,1,0,0,0,0,0,0,0,0,0,0,0,0,0,0
Mabuya_unimarginata,0,0,0,0,0,1,0,0,0,0,0,0,0,0,0,0,0,0,0
Ameiva_festiva,0,0,0,0,0,0,1,0,0,0,0,0,0,0,0,0,0,0,0
Diploglossus_bilobatus,0,0,0,0,0,0,0,1,0,0,0,0,0,0,0,0,0,0,0
Iguana_iguana,0,0,0,0,0,0,0,0,1,0,0,0,0,0,0,0,0,0,0
Corytophanes_cristatus,0,0,0,0,0,0,0,0,0,1,0,0,0,0,0,0,0,0,0
Basiliscus_vittatus,0,0,0,0,0,0,0,0,0,0,1,0,0,0,0,0,0,0,0
Basiliscus_plumifrons,0,0,0,0,0,0,0,0,0,0,0,1,0,0,0,0,0,0,0
Anolis_biporcatus,0,0,0,0,0,0,0,0,0,0,0,0,1,0,0,0,0,0,0
Anolis_humilis,0,0,0,0,0,0,0,0,0,0,0,0,0,1,0,0,0,0,0
Anolis_capito,0,0,0,0,0,0,0,0,0,0,0,0,0,0,1,0,0,0,0
Anolis_carpenteri,0,0,0,0,0,0,0,0,0,0,0,0,0,0,0,1,0,0,0
Anolis_limifrons,0,0,0,0,0,0,0,0,0,0,0,0,0,0,0,0,1,0,0
Anolis_lemurinus,0,0,0,0,0,0,0,0,0,0,0,0,0,0,0,0,0,1,0
Anolis_oxylophus,0,0,0,0,0,0,0,0,0,0,0,0,0,0,0,0,0,0,1
