Tree.Species,DD,LO,LE,Arb,Ter
Gastrophryne_pictiventris,0,0,1,0,1
Rana_warszewitschii,0,1,0,0,1
Rana_vaillanti,0,0,1,0,1
Diasporus_diastema,1,0,0,1,0
Craugastor_mimus,1,0,0,0,1
Craugastor_bransfordii,1,0,0,0,1
Craugastor_megacephalus,1,0,0,0,1
Craugastor_fitzingeri,1,0,0,1,0
Craugastor_crassidigitus,1,0,0,1,0
Craugastor_talamancae,1,0,0,0,1
Craugastor_noblei,1,0,0,0,1
Pristimantis_ridens,1,0,0,1,0
Pristimantis_cerasinus,1,0,0,1,0
Pristimantis_cruentus,1,0,0,1,0
Agalychnis_saltator,0,0,1,1,0
Agalychnis_callidryas,0,0,1,1,0
Hypsiboas_rufitelus,0,0,1,1,0
Scinax_boulengeri,0,0,1,1,0
Scinax_elaeochroa,0,0,1,1,0
Dendropsophus_ebraccatus,0,0,1,1,0
Dendropsophus_phlebodes,0,0,1,1,0
Smilisca_baudinii,0,0,1,1,0
Smilisca_sordida,0,1,0,1,0
Smilisca_phaeota,0,0,1,1,0
Smilisca_puma,0,0,1,1,0
Hyalinobatrachium_valerioi,0,1,0,1,0
Teratohyla_pulverata,0,1,0,1,0
Teratohyla_spinosa,0,1,0,1,0
Espadarana_prosoblepon,0,1,0,1,0
Sachatamia_ilex,0,1,0,1,0
Sachatamia_albomaculata,0,1,0,1,0
Phyllobates_lugubris,0,0,1,0,1
Dendrobates_auratus,0,0,1,0,1
Dendrobates_pumilio,0,0,1,0,1
Bufo_haematiticus,0,1,0,0,1
Bufo_marinus,0,1,0,0,1
Bufo_melanochlorus,0,1,0,0,1
Leptodactylus_poecilochilus,0,0,1,0,1
Leptodactylus_melanonotus,0,0,1,0,1
Leptodactylus_pentadactylus,0,0,1,0,1
