species,Lepidoblepharis_xanthostigma,Gonatodes_albogularis,Hemidactylus_garnotii,Hemidactylus_frenatus,Ameiva_leptophrys,Ameiva_festiva,Ameiva_quadrilineata,Leposoma_southi,Iguana_iguana,Ctenosaura_similis,Corytophanes_cristatus,Basiliscus_basiliscus,Anolis_biporcatus,Anolis_polylepis,Anolis_capito,Anolis_limifrons
Lepidoblepharis_xanthostigma,1,0,0,0,0,0,0,0,0,0,0,0,0,0,0,0
Gonatodes_albogularis,0,1,0,0,0,0,0,0,0,0,0,0,0,0,0,0
Hemidactylus_garnotii,0,0,1,0,0,0,0,0,0,0,0,0,0,0,0,0
Hemidactylus_frenatus,0,0,0,1,0,0,0,0,0,0,0,0,0,0,0,0
Ameiva_leptophrys,0,0,0,0,1,0,0,0,0,0,0,0,0,0,0,0
Ameiva_festiva,0,0,0,0,0,1,0,0,0,0,0,0,0,0,0,0
Ameiva_quadrilineata,0,0,0,0,0,0,1,0,0,0,0,0,0,0,0,0
Leposoma_southi,0,0,0,0,0,0,0,1,0,0,0,0,0,0,0,0
Iguana_iguana,0,0,0,0,0,0,0,0,1,0,0,0,0,0,0,0
Ctenosaura_similis,0,0,0,0,0,0,0,0,0,1,0,0,0,0,0,0
Corytophanes_cristatus,0,0,0,0,0,0,0,0,0,0,1,0,0,0,0,0
Basiliscus_basiliscus,0,0,0,0,0,0,0,0,0,0,0,1,0,0,0,0
Anolis_biporcatus,0,0,0,0,0,0,0,0,0,0,0,0,1,0,0,0
Anolis_polylepis,0,0,0,0,0,0,0,0,0,0,0,0,0,1,0,0
Anolis_capito,0,0,0,0,0,0,0,0,0,0,0,0,0,0,1,0
Anolis_limifrons,0,0,0,0,0,0,0,0,0,0,0,0,0,0,0,1
