Tree.Species,DD,LO,LE,arb,ter
Diasporus_diastema,1,0,0,1,0
Pristimantis_ridens,1,0,0,1,0
Pristimantis_cruentus,1,0,0,1,0
Agalychnis_spurrelli,0,0,1,1,0
Agalychnis_callidryas,0,0,1,1,0
Hypsiboas_rosenbergi,0,0,1,1,0
Scinax_boulengeri,0,0,1,1,0
Scinax_elaeochroa,0,0,1,1,0
Dendropsophus_ebraccatus,0,0,1,1,0
Dendropsophus_microcephalus,0,0,1,1,0
Trachycephalus_venulosus,0,0,1,1,0
Smilisca_sordida,0,1,0,1,0
Smilisca_phaeota,0,0,1,1,0
Engystomops_pustulosus,0,0,1,0,1
Leptodactylus_bolivianus,0,0,1,0,1
Leptodactylus_fragilis,0,0,1,0,1
Leptodactylus_pentadactylus,0,0,1,0,1
Hyalinobatrachium_valerioi,0,1,0,1,0
Teratohyla_pulverata,0,1,0,1,0
Espadarana_prosoblepon,0,1,0,1,0
Cochranella_granulosa,0,1,0,1,0
Sachatamia_albomaculata,0,1,0,1,0
Allobates_talamancae,0,0,1,0,1
Silverstoneia_flotator,0,0,1,0,1
Phyllobates_vittatus,0,0,1,0,1
Dendrobates_auratus,0,0,1,0,1
Bufo_haematiticus,0,1,0,0,1
Bufo_marinus,0,1,0,0,1
Bufo_aucoinae,0,1,0,0,1
Craugastor_rugosus,1,0,0,0,1
Craugastor_fitzingeri,1,0,0,0,1
Craugastor_crassidigitus,1,0,0,0,1
Craugastor_stejnegerianus,1,0,0,0,1
